{"loss":{"0":1.1243425608,"1":1.1121727228,"2":1.1122967005,"3":1.1146914959,"4":1.1079899073,"5":1.1049407721,"6":1.1136318445,"7":1.1038672924,"8":1.1018382311,"9":1.1129395962,"10":1.098736167,"11":1.1018487215,"12":1.106051445,"13":1.1023532152,"14":1.1101200581,"15":1.1050547361,"16":1.1050587893,"17":1.1039993763,"18":1.104821682,"19":1.1124510765,"20":1.1032142639,"21":1.0975341797,"22":1.102229476,"23":1.1063088179,"24":1.0992963314,"25":1.1065069437,"26":1.1019102335,"27":1.0979404449,"28":1.1000742912,"29":1.1005531549},"accuracy":{"0":0.3018480539,"1":0.314453125,"2":0.305954814,"3":0.347022593,"4":0.3305954933,"5":0.3408624232,"6":0.2854209542,"7":0.3141683638,"8":0.3305954933,"9":0.3326488733,"10":0.365234375,"11":0.3264887035,"12":0.3634496927,"13":0.3388090432,"14":0.2751539946,"15":0.3347022533,"16":0.3552361429,"17":0.2936345041,"18":0.3326488733,"19":0.3039014339,"20":0.33984375,"21":0.3285420835,"22":0.3182751536,"23":0.2956878841,"24":0.344969213,"25":0.3408624232,"26":0.3223819435,"27":0.3613963127,"28":0.3515625,"29":0.3429158032},"val_loss":{"0":1.0851424932,"1":1.0810642242,"2":1.0793088675,"3":1.0850226879,"4":1.0829501152,"5":1.0813512802,"6":1.0801736116,"7":1.082552433,"8":1.0795898438,"9":1.075248003,"10":1.0766787529,"11":1.0793403387,"12":1.0779664516,"13":1.0751123428,"14":1.0766043663,"15":1.074614048,"16":1.0755711794,"17":1.0766483545,"18":1.0755486488,"19":1.0758715868,"20":1.0751661062,"21":1.0749783516,"22":1.0741802454,"23":1.0749311447,"24":1.075293541,"25":1.0766919851,"26":1.0740157366,"27":1.0738984346,"28":1.0731011629,"29":1.0736833811},"val_accuracy":{"0":0.4275362194,"1":0.4275362194,"2":0.4347825944,"3":0.4130434692,"4":0.4130434692,"5":0.4347825944,"6":0.4275362194,"7":0.4275362194,"8":0.4492753744,"9":0.4275362194,"10":0.4347825944,"11":0.4202898443,"12":0.4275362194,"13":0.4275362194,"14":0.4347825944,"15":0.4420289993,"16":0.4347825944,"17":0.4130434692,"18":0.4057970941,"19":0.4130434692,"20":0.4202898443,"21":0.4130434692,"22":0.4057970941,"23":0.4420289993,"24":0.4420289993,"25":0.4275362194,"26":0.4420289993,"27":0.4202898443,"28":0.4275362194,"29":0.4275362194}}