{"loss":{"0":1.1440060139,"1":1.1170326471,"2":1.1081540585,"3":1.103051424,"4":1.1110019684,"5":1.1021294594,"6":1.1016407013,"7":1.1049058437,"8":1.1065282822,"9":1.1058592796,"10":1.0951271057,"11":1.097822547,"12":1.1037114859,"13":1.0971524715,"14":1.1047720909,"15":1.0929881334,"16":1.0965608358,"17":1.0911513567,"18":1.0868804455,"19":1.0942649841,"20":1.0969792604,"21":1.0914629698,"22":1.0892670155,"23":1.0861692429,"24":1.0943710804,"25":1.0899194479,"26":1.0939420462,"27":1.0833967924,"28":1.0879603624,"29":1.0880289078},"accuracy":{"0":0.3203285336,"1":0.3244353235,"2":0.3162217736,"3":0.3388090432,"4":0.3244353235,"5":0.344969213,"6":0.3429158032,"7":0.3305954933,"8":0.3367556334,"9":0.3634496927,"10":0.3552361429,"11":0.3655030727,"12":0.3737166226,"13":0.344969213,"14":0.3388090432,"15":0.3798767924,"16":0.351129353,"17":0.3839835823,"18":0.3798767924,"19":0.3203285336,"20":0.3552361429,"21":0.3531827629,"22":0.3880903423,"23":0.40625,"24":0.349075973,"25":0.3655030727,"26":0.3671875,"27":0.3880903423,"28":0.3757700324,"29":0.375},"val_loss":{"0":1.0701990128,"1":1.0700184107,"2":1.0671994686,"3":1.0687407255,"4":1.0684922934,"5":1.0699174404,"6":1.070538044,"7":1.0700927973,"8":1.0710020065,"9":1.0695604086,"10":1.0679272413,"11":1.0672080517,"12":1.0664947033,"13":1.0650345087,"14":1.0652384758,"15":1.0660446882,"16":1.064121604,"17":1.0669742823,"18":1.0659087896,"19":1.0646468401,"20":1.0655081272,"21":1.0644552708,"22":1.0639472008,"23":1.0665670633,"24":1.066437602,"25":1.0658209324,"26":1.0637691021,"27":1.0660380125,"28":1.0669240952,"29":1.0664184093},"val_accuracy":{"0":0.4347825944,"1":0.4347825944,"2":0.4565217495,"3":0.4420289993,"4":0.4565217495,"5":0.4710144997,"6":0.4710144997,"7":0.4637681246,"8":0.4565217495,"9":0.4637681246,"10":0.4637681246,"11":0.4637681246,"12":0.4637681246,"13":0.4637681246,"14":0.4637681246,"15":0.4565217495,"16":0.4565217495,"17":0.4492753744,"18":0.4492753744,"19":0.4420289993,"20":0.4347825944,"21":0.4275362194,"22":0.4347825944,"23":0.4492753744,"24":0.4492753744,"25":0.4420289993,"26":0.4347825944,"27":0.4347825944,"28":0.4420289993,"29":0.4420289993}}