{"loss":{"0":1.114991188,"1":1.1289293766,"2":1.1221876144,"3":1.103924036,"4":1.1141934395,"5":1.1174410582,"6":1.1054124832,"7":1.1127191782,"8":1.0990669727,"9":1.1040319204,"10":1.1039732695,"11":1.1065189838,"12":1.0886572599,"13":1.102789402,"14":1.1084800959,"15":1.1092767715,"16":1.1051273346,"17":1.1033592224,"18":1.1091856956,"19":1.0836131573,"20":1.099760294,"21":1.0903587341,"22":1.099178195,"23":1.0999337435,"24":1.0901823044,"25":1.0838730335,"26":1.0949215889,"27":1.0936951637,"28":1.094101429,"29":1.1055005789},"accuracy":{"0":0.3388090432,"1":0.3264887035,"2":0.3039014339,"3":0.3634496927,"4":0.3285420835,"5":0.3223819435,"6":0.347022593,"7":0.344969213,"8":0.3778234124,"9":0.3408624232,"10":0.3655030727,"11":0.3613963127,"12":0.3798767924,"13":0.3737166226,"14":0.3326488733,"15":0.347022593,"16":0.3388090432,"17":0.3100616038,"18":0.330078125,"19":0.400410682,"20":0.3552361429,"21":0.3819301724,"22":0.3429158032,"23":0.3696098626,"24":0.3778234124,"25":0.3798767924,"26":0.376953125,"27":0.3737166226,"28":0.3675564826,"29":0.3634496927},"val_loss":{"0":1.1915152073,"1":1.1824182272,"2":1.188043952,"3":1.1999526024,"4":1.1998120546,"5":1.1892570257,"6":1.1921647787,"7":1.1989917755,"8":1.2003182173,"9":1.1940842867,"10":1.1904844046,"11":1.1879715919,"12":1.1922593117,"13":1.1996990442,"14":1.200997591,"15":1.1962021589,"16":1.1976382732,"17":1.198731184,"18":1.2056396008,"19":1.2123878002,"20":1.2080200911,"21":1.2082663774,"22":1.212767005,"23":1.2150819302,"24":1.2162240744,"25":1.2164649963,"26":1.2177782059,"27":1.2234815359,"28":1.231819272,"29":1.2256244421},"val_accuracy":{"0":0.3695652187,"1":0.3695652187,"2":0.3623188436,"3":0.3695652187,"4":0.3768115938,"5":0.3768115938,"6":0.3840579689,"7":0.398550719,"8":0.4057970941,"9":0.3913043439,"10":0.398550719,"11":0.3913043439,"12":0.398550719,"13":0.4057970941,"14":0.398550719,"15":0.4057970941,"16":0.398550719,"17":0.398550719,"18":0.398550719,"19":0.3913043439,"20":0.398550719,"21":0.398550719,"22":0.398550719,"23":0.3913043439,"24":0.3913043439,"25":0.3913043439,"26":0.3840579689,"27":0.3840579689,"28":0.3840579689,"29":0.3913043439}}