{"loss":{"0":1.0506000519,"1":0.6757265925,"2":0.5013924241,"3":0.3818328083,"4":0.2946428359,"5":0.2859901786,"6":0.2463418096,"7":0.2608444989,"8":0.2320330888,"9":0.2108125389,"10":0.197023049,"11":0.1885223091,"12":0.1953439713,"13":0.1745075434,"14":0.1902009696,"15":0.1679273546,"16":0.1616048664,"17":0.1748778224,"18":0.1498395801,"19":0.1466710567,"20":0.1387551427,"21":0.1599968374,"22":0.1294142604,"23":0.1477534175,"24":0.1458953619,"25":0.1418699473,"26":0.131270662,"27":0.133648634,"28":0.1103776768,"29":0.1166614443},"accuracy":{"0":0.4907597601,"1":0.7207392454,"2":0.850102663,"3":0.8870636821,"4":0.9096509218,"5":0.9117043018,"6":0.9301847816,"7":0.9137576818,"8":0.9137576818,"9":0.93359375,"10":0.9363449812,"11":0.9445585012,"12":0.9383983612,"13":0.9363449812,"14":0.9404517412,"15":0.9486653209,"16":0.9383983612,"17":0.9453125,"18":0.9486653209,"19":0.9527720809,"20":0.95703125,"21":0.9568788409,"22":0.9650924206,"23":0.943359375,"24":0.953125,"25":0.9548254609,"26":0.9691991806,"27":0.9630390406,"28":0.9630390406,"29":0.9691991806},"val_loss":{"0":0.7239092588,"1":0.5409900546,"2":0.425856173,"3":0.3727979362,"4":0.3368658125,"5":0.3176164031,"6":0.2960615158,"7":0.2671939433,"8":0.2627649605,"9":0.2637068033,"10":0.2508536875,"11":0.2337789983,"12":0.2276191115,"13":0.2215813845,"14":0.2200547159,"15":0.2141749561,"16":0.2162195295,"17":0.2088956982,"18":0.2014400661,"19":0.1958412528,"20":0.1937625706,"21":0.1763543338,"22":0.1758040041,"23":0.1750909686,"24":0.1630261391,"25":0.1548553109,"26":0.1564367265,"27":0.1540585905,"28":0.1482516229,"29":0.1472679675},"val_accuracy":{"0":0.8043478131,"1":0.8550724387,"2":0.8840579987,"3":0.8913043737,"4":0.8840579987,"5":0.8840579987,"6":0.8985507488,"7":0.913043499,"8":0.9057971239,"9":0.8985507488,"10":0.8985507488,"11":0.913043499,"12":0.913043499,"13":0.913043499,"14":0.9057971239,"15":0.9057971239,"16":0.9057971239,"17":0.913043499,"18":0.913043499,"19":0.913043499,"20":0.9202898741,"21":0.9202898741,"22":0.9275362492,"23":0.9275362492,"24":0.9347826242,"25":0.9347826242,"26":0.9420289993,"27":0.9420289993,"28":0.9420289993,"29":0.9420289993}}