{"loss":{"0":1.1904901266,"1":1.0736764669,"2":1.0524508953,"3":1.0084184408,"4":0.9869843125,"5":0.9557641149,"6":0.9337615371,"7":0.9203678966,"8":0.8725973368,"9":0.8957219124,"10":0.8579599261,"11":0.8457107544,"12":0.8615061641,"13":0.8391699791,"14":0.8248183727,"15":0.839720428,"16":0.8246107697,"17":0.8159253597,"18":0.8492237329,"19":0.8312301636,"20":0.8136080503,"21":0.8301576972,"22":0.821092844,"23":0.7859154344,"24":0.8055549264,"25":0.7800869346,"26":0.7970243096,"27":0.7791519761,"28":0.806699276,"29":0.781280756},"accuracy":{"0":0.3244353235,"1":0.4394250512,"2":0.4599589407,"3":0.49897331,"4":0.49897331,"5":0.5174537897,"6":0.572265625,"7":0.5770020485,"8":0.6201232076,"9":0.580078125,"10":0.6119096279,"11":0.5811088085,"12":0.5975359082,"13":0.626953125,"14":0.6262833476,"15":0.6303901672,"16":0.6344969273,"17":0.6303901672,"18":0.5934291482,"19":0.6324435472,"20":0.6139630675,"21":0.6344969273,"22":0.6160164475,"23":0.64453125,"24":0.6201232076,"25":0.655030787,"26":0.658203125,"27":0.7022587061,"28":0.655030787,"29":0.691991806},"val_loss":{"0":1.1901930571,"1":1.3671747446,"2":1.8349063396,"3":2.0486636162,"4":2.3188865185,"5":2.4654579163,"6":2.7463936806,"7":2.8490591049,"8":2.840170145,"9":3.0471124649,"10":3.0879318714,"11":2.9626207352,"12":2.9424965382,"13":3.0353226662,"14":3.0029139519,"15":2.9550745487,"16":3.0112290382,"17":3.1635055542,"18":3.0665330887,"19":3.1696972847,"20":3.1960983276,"21":3.0630774498,"22":3.1873214245,"23":3.1311049461,"24":2.890681982,"25":2.8942079544,"26":2.8685555458,"27":3.0488791466,"28":3.0167570114,"29":3.0637123585},"val_accuracy":{"0":0.3768115938,"1":0.3405797184,"2":0.3188405931,"3":0.3333333433,"4":0.3333333433,"5":0.3333333433,"6":0.3333333433,"7":0.3333333433,"8":0.3333333433,"9":0.3333333433,"10":0.3333333433,"11":0.3260869682,"12":0.3188405931,"13":0.3188405931,"14":0.3188405931,"15":0.3260869682,"16":0.3260869682,"17":0.3188405931,"18":0.3260869682,"19":0.3188405931,"20":0.3188405931,"21":0.3260869682,"22":0.3188405931,"23":0.3260869682,"24":0.3188405931,"25":0.3188405931,"26":0.3188405931,"27":0.3188405931,"28":0.3188405931,"29":0.3188405931}}