{"loss":{"0":1.1232054234,"1":1.0692452192,"2":1.010769248,"3":0.9951729178,"4":0.9454381466,"5":0.9027995467,"6":0.8708795905,"7":0.8385716677,"8":0.8272679448,"9":0.7985828519,"10":0.7716597319,"11":0.737272501,"12":0.7088264823,"13":0.6929876208,"14":0.6753823757,"15":0.6412348747,"16":0.6153838634,"17":0.6297799945,"18":0.5649985671,"19":0.6062662005,"20":0.5699131489,"21":0.5640188456,"22":0.5383008718,"23":0.5391696692,"24":0.5302020907,"25":0.5354270339,"26":0.5035117865,"27":0.4920323491,"28":0.4955021441,"29":0.4773650467},"accuracy":{"0":0.3880903423,"1":0.4168377817,"2":0.4948665202,"3":0.5092402697,"4":0.5934291482,"5":0.6221765876,"6":0.658203125,"7":0.691991806,"8":0.68359375,"9":0.6981519461,"10":0.75390625,"11":0.7597535849,"12":0.7782340646,"13":0.7782340646,"14":0.7885010242,"15":0.8110883236,"16":0.818359375,"17":0.809034884,"18":0.841889143,"19":0.804928124,"20":0.8316221833,"21":0.8172484636,"22":0.8336755633,"23":0.833984375,"24":0.8603696227,"25":0.828125,"26":0.8542094231,"27":0.849609375,"28":0.8542094231,"29":0.8644763827},"val_loss":{"0":3.6662950516,"1":3.8348343372,"2":3.7308681011,"3":3.7375042439,"4":3.5072398186,"5":3.4548101425,"6":3.5376753807,"7":3.5743722916,"8":3.8265371323,"9":3.8772861958,"10":3.8739147186,"11":3.8753285408,"12":4.0961208344,"13":4.1308197975,"14":4.1735510826,"15":4.3433589935,"16":4.4497308731,"17":4.5372676849,"18":4.5310473442,"19":4.8600463867,"20":4.8841199875,"21":4.8735766411,"22":4.9176921844,"23":4.9819335938,"24":5.1090044975,"25":5.0220389366,"26":5.0207734108,"27":5.1884055138,"28":5.3409991264,"29":5.2413468361},"val_accuracy":{"0":0.4057970941,"1":0.4275362194,"2":0.4275362194,"3":0.4492753744,"4":0.5,"5":0.5144927502,"6":0.5289855003,"7":0.5434782505,"8":0.5507246256,"9":0.586956501,"10":0.5942028761,"11":0.6014492512,"12":0.5942028761,"13":0.5942028761,"14":0.586956501,"15":0.6086956263,"16":0.6231883764,"17":0.6159420013,"18":0.6304348111,"19":0.6304348111,"20":0.6231883764,"21":0.6231883764,"22":0.6376811862,"23":0.6449275613,"24":0.6449275613,"25":0.6666666865,"26":0.6739130616,"27":0.6666666865,"28":0.6739130616,"29":0.702898562}}